SamAccountName,Name,GivenName,SurName,Title,Company,Department,EmailAddress,Path
S.Spencer,Stephen Spencer,Stephen,Spencer,CEO,The Four Horseman Corp,Management,S.Spencer@fourhorseman.com,"OU=Users,OU=Corporate,DC=starwars,DC=local"
J.Cole,James Cole,James,Cole,CFO,The Four Horseman Corp,Management,J.Cole@fourhorseman.com,"OU=Users,OU=Corporate,DC=starwars,DC=local"
D.Gallegos,Douglas Gallegos,Douglas,Gallegos,CTO,The Four Horseman Corp,Management,D.Gallegos@fourhorseman.com,"OU=Users,OU=Corporate,DC=starwars,DC=local"
J.Wong,Jasmine Wong,Jasmine ,Wong,VP,The Four Horseman Corp,Management,J.Wong@fourhorseman.com,"OU=Users,OU=Corporate,DC=starwars,DC=local"
J.Smith,Joseph Smith,Joseph ,Smith,VP,The Four Horseman Corp,Management,J.Smith@fourhorseman.com,"OU=Users,OU=Corporate,DC=starwars,DC=local"
K.Chapman,Kimberly Chapman,Kimberly ,Chapman,Network Director,The Four Horseman Corp,IT,K.Chapman@fourhorseman.com,"OU=Users,OU=Corporate,DC=starwars,DC=local"
T.Truong,Trung Truong,Trung,Truong,Network Manager,The Four Horseman Corp,IT,T.Truong@fourhorseman.com,"OU=Users,OU=Corporate,DC=starwars,DC=local"
J.Crisostomo,Jay Crisostomo,Jay,Crisostomo,Senior IT Technician,The Four Horseman Corp,IT,J.Crisostomo@fourhorseman.com,"OU=Users,OU=Corporate,DC=starwars,DC=local"
A.Boutdara,Allen Boutdara,Allen,Boutdara,Senior IT Technician,The Four Horseman Corp,IT,A.Boutdara@fourhorseman.com,"OU=Users,OU=Corporate,DC=starwars,DC=local"
T.Rodgers,Todd Rodgers,Todd,Rodgers,IT Technician,The Four Horseman Corp,IT,T.Rodgers@fourhorseman.com,"OU=Users,OU=Corporate,DC=starwars,DC=local"
K.Benitez,Kirsten Benitez,Kirsten ,Benitez,IT Technician,The Four Horseman Corp,IT,K.Benitez@fourhorseman.com,"OU=Users,OU=Corporate,DC=starwars,DC=local"
T.Villegas,Thomas Villegas,Thomas,Villegas,Senior Engineer,The Four Horseman Corp,Engineering,T.Villegas@fourhorseman.com,"OU=Users,OU=Corporate,DC=starwars,DC=local"
L.Rowe,Laura Rowe,Laura ,Rowe,Senior Engineer,The Four Horseman Corp,Engineering,L.Rowe@fourhorseman.com,"OU=Users,OU=Corporate,DC=starwars,DC=local"
M.Johnson,Mark Johnson,Mark ,Johnson,Senior Engineer,The Four Horseman Corp,Engineering,M.Johnson@fourhorseman.com,"OU=Users,OU=Corporate,DC=starwars,DC=local"
C.Martin,Caitlin Martin,Caitlin ,Martin,Engineer,The Four Horseman Corp,Engineering,C.Martin@fourhorseman.com,"OU=Users,OU=Corporate,DC=starwars,DC=local"
D.Grant,Dennis Grant,Dennis ,Grant,Engineer,The Four Horseman Corp,Engineering,D.Grant@fourhorseman.com,"OU=Users,OU=Corporate,DC=starwars,DC=local"
B.Mercado,Bethany Mercado,Bethany,Mercado,Engineer,The Four Horseman Corp,Engineering,B.Mercado@fourhorseman.com,"OU=Users,OU=Corporate,DC=starwars,DC=local"
S.Owens,Susan Owens,Susan ,Owens,Junior Engineer,The Four Horseman Corp,Engineering,S.Owens@fourhorseman.com,"OU=Users,OU=Corporate,DC=starwars,DC=local"
I.Lin,Ian Lin,Ian ,Lin,Senior Generalist,The Four Horseman Corp,Human Resources,I.Lin@fourhorseman.com,"OU=Users,OU=Corporate,DC=starwars,DC=local"
H.Hill,Heather Hill,Heather ,Hill,Senior Generalist,The Four Horseman Corp,Human Resources,H.Hill@fourhorseman.com,"OU=Users,OU=Corporate,DC=starwars,DC=local"
T.Lane,Toni Lane,Toni ,Lane,Generalist,The Four Horseman Corp,Human Resources,T.Lane@fourhorseman.com,"OU=Users,OU=Corporate,DC=starwars,DC=local"
B.Le,Brittany Le,Brittany ,Le,Generalist,The Four Horseman Corp,Human Resources,B.Le@fourhorseman.com,"OU=Users,OU=Corporate,DC=starwars,DC=local"
E.Davies,Evan Davies,Evan ,Davies,Junior Generalist,The Four Horseman Corp,Human Resources,E.Davies@fourhorseman.com,"OU=Users,OU=Corporate,DC=starwars,DC=local"
K.Huang,Kevin Huang,Kevin,Huang,Junior Generalist,The Four Horseman Corp,Human Resources,K.Huang@fourhorseman.com,"OU=Users,OU=Corporate,DC=starwars,DC=local"
A.Morris,Alexander Morris,Alexander,Morris,Junior Generalist,The Four Horseman Corp,Human Resources,A.Morris@fourhorseman.com,"OU=Users,OU=Corporate,DC=starwars,DC=local"
T.Barr,Timothy Barr,Timothy ,Barr,Senior Procurement Specialist,The Four Horseman Corp,Procurement,T.Barr@fourhorseman.com,"OU=Users,OU=Corporate,DC=starwars,DC=local"
D.Gomez,David Gomez,David ,Gomez,Senior Procurement Specialist,The Four Horseman Corp,Procurement,D.Gomez@fourhorseman.com,"OU=Users,OU=Corporate,DC=starwars,DC=local"
R.Schultz,Robert Schultz,Robert ,Schultz,Procurement Specialist,The Four Horseman Corp,Procurement,R.Schultz@fourhorseman.com,"OU=Users,OU=Corporate,DC=starwars,DC=local"
L.Everett,Laura Everett,Laura ,Everett,Procurement Specialist,The Four Horseman Corp,Procurement,L.Everett@fourhorseman.com,"OU=Users,OU=Corporate,DC=starwars,DC=local"
S.Carlson,Sherry Carlson,Sherry ,Carlson,Procurement Specialist,The Four Horseman Corp,Procurement,S.Carlson@fourhorseman.com,"OU=Users,OU=Corporate,DC=starwars,DC=local"
A.Roberts,Austin Roberts,Austin ,Roberts,Procurement Specialist,The Four Horseman Corp,Procurement,A.Roberts@fourhorseman.com,"OU=Users,OU=Corporate,DC=starwars,DC=local"
J.Sullivan,Jason Sullivan,Jason ,Sullivan,Junior Procurement Specialist,The Four Horseman Corp,Procurement,J.Sullivan@fourhorseman.com,"OU=Users,OU=Corporate,DC=starwars,DC=local"
D.Roberts,David Roberts,David ,Roberts,Finance Officer,The Four Horseman Corp,Finance,D.Roberts@fourhorseman.com,"OU=Users,OU=Corporate,DC=starwars,DC=local"
J.Williams,Jasmine Williams,Jasmine,Williams,Finance Officer,The Four Horseman Corp,Finance,J.Williams@fourhorseman.com,"OU=Users,OU=Corporate,DC=starwars,DC=local"
M.Rocha,Michael Rocha,Michael ,Rocha,Finance Officer,The Four Horseman Corp,Finance,M.Rocha@fourhorseman.com,"OU=Users,OU=Corporate,DC=starwars,DC=local"
M.Bowers,Michael Bowers,Michael ,Bowers,Finance Officer,The Four Horseman Corp,Finance,M.Bowers@fourhorseman.com,"OU=Users,OU=Corporate,DC=starwars,DC=local"
P.Gray,Patricia Gray,Patricia ,Gray,Finance Specialist,The Four Horseman Corp,Finance,P.Gray@fourhorseman.com,"OU=Users,OU=Corporate,DC=starwars,DC=local"
A.Robbins,April Robbins ,April ,Robbins ,Finance Specialist,The Four Horseman Corp,Finance,A.Robbins@fourhorseman.com,"OU=Users,OU=Corporate,DC=starwars,DC=local"
D.Rodgers,Daniel Rodgers,Daniel ,Rodgers,Finance Specialist,The Four Horseman Corp,Finance,D.Rodgers@fourhorseman.com,"OU=Users,OU=Corporate,DC=starwars,DC=local"
